{
  "compressed_naive": {
    "global": {
      "gasCosts": {
        "saving": 23301312,
        "savingPercent": 58.216719899902856
      },
      "byteSizes": {
        "saving": 1456332,
        "savingPercent": 58.216719899902856
      }
    },
    "dists": {
      "round_1_finalized": {
        "gasCosts": {
          "saving": 126992,
          "savingPercent": 4.713406812675187
        },
        "byteSizes": {
          "saving": 7937,
          "savingPercent": 4.713406812675187
        }
      },
      "round_2_finalized": {
        "gasCosts": {
          "saving": 1523696,
          "savingPercent": 41.99675424902319
        },
        "byteSizes": {
          "saving": 95231,
          "savingPercent": 41.99675424902319
        }
      },
      "round_3_finalized": {
        "gasCosts": {
          "saving": 1823808,
          "savingPercent": 53.808534743202415
        },
        "byteSizes": {
          "saving": 113988,
          "savingPercent": 53.808534743202415
        }
      },
      "round_4_finalized": {
        "gasCosts": {
          "saving": 2252416,
          "savingPercent": 56.462170313803504
        },
        "byteSizes": {
          "saving": 140776,
          "savingPercent": 56.462170313803504
        }
      },
      "round_5_finalized": {
        "gasCosts": {
          "saving": 2165232,
          "savingPercent": 62.3620980451793
        },
        "byteSizes": {
          "saving": 135327,
          "savingPercent": 62.3620980451793
        }
      },
      "round_6_finalized": {
        "gasCosts": {
          "saving": 1871232,
          "savingPercent": 62.88925335412577
        },
        "byteSizes": {
          "saving": 116952,
          "savingPercent": 62.88925335412577
        }
      },
      "round_7_finalized": {
        "gasCosts": {
          "saving": 1904064,
          "savingPercent": 67.37893431624005
        },
        "byteSizes": {
          "saving": 119004,
          "savingPercent": 67.37893431624005
        }
      },
      "round_8_finalized": {
        "gasCosts": {
          "saving": 2342080,
          "savingPercent": 67.2337611038132
        },
        "byteSizes": {
          "saving": 146380,
          "savingPercent": 67.2337611038132
        }
      },
      "round_9_finalized": {
        "gasCosts": {
          "saving": 1796960,
          "savingPercent": 68.52139959122663
        },
        "byteSizes": {
          "saving": 112310,
          "savingPercent": 68.52139959122663
        }
      },
      "round_10_finalized": {
        "gasCosts": {
          "saving": 1737872,
          "savingPercent": 68.05960235852899
        },
        "byteSizes": {
          "saving": 108617,
          "savingPercent": 68.05960235852899
        }
      },
      "round_11_finalized": {
        "gasCosts": {
          "saving": 1929216,
          "savingPercent": 68.13820228528803
        },
        "byteSizes": {
          "saving": 120576,
          "savingPercent": 68.13820228528803
        }
      },
      "round_12_finalized": {
        "gasCosts": {
          "saving": 2114560,
          "savingPercent": 68.12827663709425
        },
        "byteSizes": {
          "saving": 132160,
          "savingPercent": 68.12827663709425
        }
      },
      "round_13_finalized": {
        "gasCosts": {
          "saving": 1713184,
          "savingPercent": 69.75186799299054
        },
        "byteSizes": {
          "saving": 107074,
          "savingPercent": 69.75186799299054
        }
      }
    }
  }
}