{
  "compressed_naive": {
    "global": {
      "gasCosts": {
        "saving": 19093536,
        "savingPercent": 50.69221753866975
      },
      "byteSizes": {
        "saving": 1193346,
        "savingPercent": 50.69221753866975
      }
    },
    "dists": {
      "round_1_finalized": {
        "gasCosts": {
          "saving": 28624,
          "savingPercent": 3.7852820447716984
        },
        "byteSizes": {
          "saving": 1789,
          "savingPercent": 3.7852820447716984
        }
      },
      "round_2_finalized": {
        "gasCosts": {
          "saving": 326000,
          "savingPercent": 54.60270668631918
        },
        "byteSizes": {
          "saving": 20375,
          "savingPercent": 54.60270668631918
        }
      },
      "round_3_finalized": {
        "gasCosts": {
          "saving": 416480,
          "savingPercent": 56.810493463410374
        },
        "byteSizes": {
          "saving": 26030,
          "savingPercent": 56.810493463410374
        }
      },
      "round_4_finalized": {
        "gasCosts": {
          "saving": 480000,
          "savingPercent": 60.17088531429259
        },
        "byteSizes": {
          "saving": 30000,
          "savingPercent": 60.17088531429259
        }
      },
      "round_5_finalized": {
        "gasCosts": {
          "saving": 516896,
          "savingPercent": 52.270851872825816
        },
        "byteSizes": {
          "saving": 32306,
          "savingPercent": 52.270851872825816
        }
      },
      "round_6_finalized": {
        "gasCosts": {
          "saving": 693536,
          "savingPercent": 58.75432056929854
        },
        "byteSizes": {
          "saving": 43346,
          "savingPercent": 58.75432056929854
        }
      },
      "round_7_finalized": {
        "gasCosts": {
          "saving": 873136,
          "savingPercent": 65.6935800358738
        },
        "byteSizes": {
          "saving": 54571,
          "savingPercent": 65.6935800358738
        }
      },
      "round_8_finalized": {
        "gasCosts": {
          "saving": 973296,
          "savingPercent": 65.67307588500113
        },
        "byteSizes": {
          "saving": 60831,
          "savingPercent": 65.67307588500113
        }
      },
      "round_9_finalized": {
        "gasCosts": {
          "saving": 1303936,
          "savingPercent": 54.01879813874564
        },
        "byteSizes": {
          "saving": 81496,
          "savingPercent": 54.01879813874564
        }
      },
      "round_10_finalized": {
        "gasCosts": {
          "saving": 1820688,
          "savingPercent": 40.91713231645488
        },
        "byteSizes": {
          "saving": 113793,
          "savingPercent": 40.91713231645488
        }
      },
      "round_11_finalized": {
        "gasCosts": {
          "saving": 2982160,
          "savingPercent": 51.75247884891447
        },
        "byteSizes": {
          "saving": 186385,
          "savingPercent": 51.75247884891447
        }
      },
      "round_12_finalized": {
        "gasCosts": {
          "saving": 3465184,
          "savingPercent": 56.662576494504435
        },
        "byteSizes": {
          "saving": 216574,
          "savingPercent": 56.662576494504435
        }
      },
      "round_13_finalized": {
        "gasCosts": {
          "saving": 5213600,
          "savingPercent": 47.140263441521334
        },
        "byteSizes": {
          "saving": 325850,
          "savingPercent": 47.140263441521334
        }
      }
    }
  }
}