{
  "compressed_naive": {
    "global": {
      "gasCosts": {
        "saving": 18511344,
        "savingPercent": 48.47274034449126
      },
      "byteSizes": {
        "saving": 1156959,
        "savingPercent": 48.47274034449126
      }
    },
    "dists": {
      "round_1_finalized": {
        "gasCosts": {
          "saving": 31408,
          "savingPercent": 4.124382813320727
        },
        "byteSizes": {
          "saving": 1963,
          "savingPercent": 4.124382813320727
        }
      },
      "round_2_finalized": {
        "gasCosts": {
          "saving": 313968,
          "savingPercent": 52.24997337309618
        },
        "byteSizes": {
          "saving": 19623,
          "savingPercent": 52.24997337309618
        }
      },
      "round_3_finalized": {
        "gasCosts": {
          "saving": 399792,
          "savingPercent": 54.15944165077163
        },
        "byteSizes": {
          "saving": 24987,
          "savingPercent": 54.15944165077163
        }
      },
      "round_4_finalized": {
        "gasCosts": {
          "saving": 460656,
          "savingPercent": 57.327466050734735
        },
        "byteSizes": {
          "saving": 28791,
          "savingPercent": 57.327466050734735
        }
      },
      "round_5_finalized": {
        "gasCosts": {
          "saving": 495952,
          "savingPercent": 49.818386370941816
        },
        "byteSizes": {
          "saving": 30997,
          "savingPercent": 49.818386370941816
        }
      },
      "round_6_finalized": {
        "gasCosts": {
          "saving": 664160,
          "savingPercent": 55.87411834383245
        },
        "byteSizes": {
          "saving": 41510,
          "savingPercent": 55.87411834383245
        }
      },
      "round_7_finalized": {
        "gasCosts": {
          "saving": 839296,
          "savingPercent": 62.35334672578363
        },
        "byteSizes": {
          "saving": 52456,
          "savingPercent": 62.35334672578363
        }
      },
      "round_8_finalized": {
        "gasCosts": {
          "saving": 937312,
          "savingPercent": 62.37635358880714
        },
        "byteSizes": {
          "saving": 58582,
          "savingPercent": 62.37635358880714
        }
      },
      "round_9_finalized": {
        "gasCosts": {
          "saving": 1266848,
          "savingPercent": 51.53978844589096
        },
        "byteSizes": {
          "saving": 79178,
          "savingPercent": 51.53978844589096
        }
      },
      "round_10_finalized": {
        "gasCosts": {
          "saving": 1780288,
          "savingPercent": 39.37366195438702
        },
        "byteSizes": {
          "saving": 111268,
          "savingPercent": 39.37366195438702
        }
      },
      "round_11_finalized": {
        "gasCosts": {
          "saving": 2899760,
          "savingPercent": 49.51288944256849
        },
        "byteSizes": {
          "saving": 181235,
          "savingPercent": 49.51288944256849
        }
      },
      "round_12_finalized": {
        "gasCosts": {
          "saving": 3352928,
          "savingPercent": 54.04670715823951
        },
        "byteSizes": {
          "saving": 209558,
          "savingPercent": 54.04670715823951
        }
      },
      "round_13_finalized": {
        "gasCosts": {
          "saving": 5068976,
          "savingPercent": 45.209113429836975
        },
        "byteSizes": {
          "saving": 316811,
          "savingPercent": 45.209113429836975
        }
      }
    }
  }
}