{
  "compressed_naive": {
    "global": {
      "gasCosts": {
        "saving": 24300272,
        "savingPercent": 61.403621550115304
      },
      "byteSizes": {
        "saving": 1518767,
        "savingPercent": 61.403621550115304
      }
    },
    "dists": {
      "round_1_finalized": {
        "gasCosts": {
          "saving": 105296,
          "savingPercent": 3.9638847395557266
        },
        "byteSizes": {
          "saving": 6581,
          "savingPercent": 3.9638847395557266
        }
      },
      "round_2_finalized": {
        "gasCosts": {
          "saving": 1573296,
          "savingPercent": 43.956638354939656
        },
        "byteSizes": {
          "saving": 98331,
          "savingPercent": 43.956638354939656
        }
      },
      "round_3_finalized": {
        "gasCosts": {
          "saving": 1899312,
          "savingPercent": 56.70373448740362
        },
        "byteSizes": {
          "saving": 118707,
          "savingPercent": 56.70373448740362
        }
      },
      "round_4_finalized": {
        "gasCosts": {
          "saving": 2344768,
          "savingPercent": 59.50366243848565
        },
        "byteSizes": {
          "saving": 146548,
          "savingPercent": 59.50366243848565
        }
      },
      "round_5_finalized": {
        "gasCosts": {
          "saving": 2259568,
          "savingPercent": 65.83884232020812
        },
        "byteSizes": {
          "saving": 141223,
          "savingPercent": 65.83884232020812
        }
      },
      "round_6_finalized": {
        "gasCosts": {
          "saving": 1955152,
          "savingPercent": 66.41357870365337
        },
        "byteSizes": {
          "saving": 122197,
          "savingPercent": 66.41357870365337
        }
      },
      "round_7_finalized": {
        "gasCosts": {
          "saving": 1991632,
          "savingPercent": 71.21924705343861
        },
        "byteSizes": {
          "saving": 124477,
          "savingPercent": 71.21924705343861
        }
      },
      "round_8_finalized": {
        "gasCosts": {
          "saving": 2446688,
          "savingPercent": 71.01433122498074
        },
        "byteSizes": {
          "saving": 152918,
          "savingPercent": 71.01433122498074
        }
      },
      "round_9_finalized": {
        "gasCosts": {
          "saving": 1880256,
          "savingPercent": 72.41647050123862
        },
        "byteSizes": {
          "saving": 117516,
          "savingPercent": 72.41647050123862
        }
      },
      "round_10_finalized": {
        "gasCosts": {
          "saving": 1819104,
          "savingPercent": 71.95913872327498
        },
        "byteSizes": {
          "saving": 113694,
          "savingPercent": 71.95913872327498
        }
      },
      "round_11_finalized": {
        "gasCosts": {
          "saving": 2018624,
          "savingPercent": 72.03649672545806
        },
        "byteSizes": {
          "saving": 126164,
          "savingPercent": 72.03649672545806
        }
      },
      "round_12_finalized": {
        "gasCosts": {
          "saving": 2212640,
          "savingPercent": 72.02341581296515
        },
        "byteSizes": {
          "saving": 138290,
          "savingPercent": 72.02341581296515
        }
      },
      "round_13_finalized": {
        "gasCosts": {
          "saving": 1793936,
          "savingPercent": 73.74731967849297
        },
        "byteSizes": {
          "saving": 112121,
          "savingPercent": 73.74731967849297
        }
      }
    }
  }
}